Spec,Size,Remove,Is Real.,Total,
specs/amba_unreal_woaf.spectra, 4, -1, false, 36.359, 
specs/amba_unreal_woaf.spectra, 4, 0, false, 32.317, 
specs/amba_unreal_woaf.spectra, 4, 1, false, 33.554, 
specs/amba_unreal_woaf.spectra, 4, 2, false, 29.900, 
specs/amba_unreal_woaf.spectra, 4, 3, false, 27.654, 
specs/amba_unreal_woaf.spectra, 4, 4, false, 25.537, 
specs/amba_unreal_woaf.spectra, 4, 5, false, 33.371, 
specs/amba_unreal_woaf.spectra, 4, 6, false, 29.962, 
specs/amba_unreal_woaf.spectra, 4, 7, false, 24.901, 
specs/amba_unreal_woaf.spectra, 4, 8, false, 31.475, 
specs/amba_unreal_woaf.spectra, 4, 9, false, 39.791, 
specs/amba_unreal_woaf.spectra, 4, 10, false, 40.540, 
specs/amba_unreal_woaf.spectra, 4, 11, false, 41.109, 
specs/amba_unreal_woaf.spectra, 4, 12, false, 24.024, 
specs/amba_unreal_woaf.spectra, 4, 13, false, 54.255, 
specs/amba_unreal_woaf.spectra, 4, 14, false, 40.381, 
specs/amba_unreal_woaf.spectra, 4, 15, false, 48.041, 
specs/amba_unreal_woaf.spectra, 4, 16, false, 70.220, 
specs/amba_unreal_woaf.spectra, 4, 17, false, 65.784, 
specs/amba_unreal_woaf.spectra, 4, 18, false, 58.803, 
specs/amba_unreal_woaf.spectra, 4, 19, false, 53.339, 
specs/amba_unreal_woaf.spectra, 4, 20, false, 58.805, 
specs/amba_unreal_woaf.spectra, 4, 21, false, 60.212, 
specs/amba_unreal_woaf.spectra, 4, 22, true, 8.755, 
specs/amba_unreal_woaf.spectra, 4, 23, true, 5.509, 
specs/amba_unreal_woaf.spectra, 4, 24, true, 6.706, 
specs/amba_unreal_woaf.spectra, 4, 25, false, 91.365, 
specs/amba_unreal_woaf.spectra, 4, 26, false, 107.624, 
specs/amba_unreal_woaf.spectra, 4, 27, false, 62.940, 
specs/amba_unreal_woaf.spectra, 4, 28, false, 119.166, 
specs/amba_unreal_woaf.spectra, 4, 29, false, 92.324, 
specs/amba_unreal_woaf.spectra, 4, 30, false, 73.027, 
specs/amba_unreal_woaf.spectra, 4, 31, false, 88.828, 
specs/amba_unreal_woaf.spectra, 4, 32, false, 107.600, 
specs/amba_unreal_woaf.spectra, 4, 33, false, 59.971, 
specs/amba_unreal_woaf.spectra, 4, 34, false, 85.082, 
specs/amba_unreal_woaf.spectra, 4, 35, false, 93.540, 
specs/amba_unreal_woaf.spectra, 4, 36, false, 64.248, 
specs/amba_unreal_woaf.spectra, 4, 37, false, 113.331, 
specs/amba_unreal_woaf.spectra, 4, 38, false, 89.238, 
specs/amba_unreal_woaf.spectra, 4, 39, false, 75.660, 
specs/amba_unreal_woaf.spectra, 4, 40, false, 86.402, 
specs/amba_unreal_woaf.spectra, 4, 41, true, 1.649, 
specs/amba_unreal_woaf.spectra, 4, 42, true, 3.301, 
specs/amba_unreal_woaf.spectra, 4, 43, true, 7.751, 
specs/amba_unreal_woaf.spectra, 4, 44, false, 118.597, 
specs/amba_unreal_woaf.spectra, 4, 45, true, 11.409, 
specs/amba_unreal_woaf.spectra, 4, 46, false, 69.785, 
specs/amba_unreal_woaf.spectra, 4, 47, false, 71.869, 
specs/amba_unreal_woaf.spectra, 4, 48, true, 15.494, 
specs/amba_unreal_woaf.spectra, 4, 49, false, 68.673, 
specs/amba_unreal_woaf.spectra, 4, 50, false, 94.891, 
specs/amba_unreal_woaf.spectra, 4, 51, false, 25.863, 
specs/amba_unreal_woaf.spectra, 4, 52, false, 89.812, 
specs/amba_unreal_woaf.spectra, 4, 53, false, 23.732, 
specs/amba_unreal_woaf.spectra, 4, 54, false, 94.880, 
specs/amba_unreal_woaf.spectra, 4, 55, false, 56.184, 
specs/amba_unreal_woaf.spectra, 4, 56, false, 71.172, 
specs/amba_unreal_woaf.spectra, 4, 60, false, 66.233, 
specs/amba_unreal_woaf.spectra, 4, 61, false, 34.077, 
specs/amba_unreal_woaf.spectra, 4, 65, false, 50.568, 
specs/amba_unreal_woaf.spectra, 4, 66, false, 44.533, 
specs/amba_unreal_woaf.spectra, 4, 67, false, 55.750, 
specs/amba_unreal_woaf.spectra, 4, 68, false, 49.813, 
specs/amba_unreal_woaf.spectra, 4, 69, false, 49.538, 
specs/amba_unreal_woaf.spectra, 4, 70, false, 37.870, 
specs/amba_unreal_woaf.spectra, 4, 71, false, 17.789, 
specs/amba_unreal_woaf.spectra, 5, -1, false, 77.142, 
specs/amba_unreal_woaf.spectra, 5, 0, false, 54.991, 
specs/amba_unreal_woaf.spectra, 5, 1, false, 55.653, 
specs/amba_unreal_woaf.spectra, 5, 2, false, 51.302, 
specs/amba_unreal_woaf.spectra, 5, 3, false, 50.828, 
specs/amba_unreal_woaf.spectra, 5, 4, false, 50.491, 
specs/amba_unreal_woaf.spectra, 5, 5, false, 54.419, 
specs/amba_unreal_woaf.spectra, 5, 6, false, 56.623, 
specs/amba_unreal_woaf.spectra, 5, 7, false, 52.928, 
specs/amba_unreal_woaf.spectra, 5, 8, false, 48.345, 
specs/amba_unreal_woaf.spectra, 5, 9, false, 63.365, 
specs/amba_unreal_woaf.spectra, 5, 10, false, 69.866, 
specs/amba_unreal_woaf.spectra, 5, 11, false, 66.687, 
specs/amba_unreal_woaf.spectra, 5, 12, false, 40.689, 
specs/amba_unreal_woaf.spectra, 5, 13, false, 45.071, 
specs/amba_unreal_woaf.spectra, 5, 14, false, 68.728, 
specs/amba_unreal_woaf.spectra, 5, 15, false, 94.321, 
specs/amba_unreal_woaf.spectra, 5, 16, false, 113.699, 
specs/amba_unreal_woaf.spectra, 5, 17, false, 90.033, 
specs/amba_unreal_woaf.spectra, 5, 18, false, 97.944, 
specs/amba_unreal_woaf.spectra, 5, 19, false, 103.810, 
specs/amba_unreal_woaf.spectra, 5, 20, false, 91.329, 
specs/amba_unreal_woaf.spectra, 5, 21, false, 89.610, 
specs/amba_unreal_woaf.spectra, 5, 22, true, 32.625, 
specs/amba_unreal_woaf.spectra, 5, 23, true, 8.882, 
specs/amba_unreal_woaf.spectra, 5, 24, true, 13.945, 
specs/amba_unreal_woaf.spectra, 5, 25, false, 140.190, 
specs/amba_unreal_woaf.spectra, 5, 26, false, 137.223, 
specs/amba_unreal_woaf.spectra, 5, 27, false, 129.130, 
specs/amba_unreal_woaf.spectra, 5, 28, false, 152.497, 
specs/amba_unreal_woaf.spectra, 5, 29, false, 140.610, 
specs/amba_unreal_woaf.spectra, 5, 30, false, 153.127, 
specs/amba_unreal_woaf.spectra, 5, 31, false, 141.800, 
specs/amba_unreal_woaf.spectra, 5, 32, false, 148.805, 
specs/amba_unreal_woaf.spectra, 5, 33, false, 161.633, 
specs/amba_unreal_woaf.spectra, 5, 34, false, 163.666, 
specs/amba_unreal_woaf.spectra, 5, 35, false, 153.419, 
specs/amba_unreal_woaf.spectra, 5, 36, false, 182.237, 
specs/amba_unreal_woaf.spectra, 5, 37, false, 146.993, 
specs/amba_unreal_woaf.spectra, 5, 38, false, 160.425, 
specs/amba_unreal_woaf.spectra, 5, 39, false, 168.602, 
specs/amba_unreal_woaf.spectra, 5, 40, false, 144.821, 
specs/amba_unreal_woaf.spectra, 5, 41, true, 2.834, 
specs/amba_unreal_woaf.spectra, 5, 42, true, 6.620, 
specs/amba_unreal_woaf.spectra, 5, 43, true, 23.135, 
specs/amba_unreal_woaf.spectra, 5, 44, false, 247.220, 
specs/amba_unreal_woaf.spectra, 5, 45, true, 38.144, 
specs/amba_unreal_woaf.spectra, 5, 46, false, 140.284, 
specs/amba_unreal_woaf.spectra, 5, 47, false, 201.109, 
specs/amba_unreal_woaf.spectra, 5, 48, true, 61.585, 
specs/amba_unreal_woaf.spectra, 5, 49, false, 159.179, 
specs/amba_unreal_woaf.spectra, 5, 50, false, 153.082, 
specs/amba_unreal_woaf.spectra, 5, 51, false, 47.219, 
specs/amba_unreal_woaf.spectra, 5, 52, false, 186.234, 
specs/amba_unreal_woaf.spectra, 5, 53, false, 39.313, 
specs/amba_unreal_woaf.spectra, 5, 54, false, 150.492, 
specs/amba_unreal_woaf.spectra, 5, 55, false, 149.170, 
specs/amba_unreal_woaf.spectra, 5, 56, false, 110.624, 
specs/amba_unreal_woaf.spectra, 5, 61, false, 141.935, 
specs/amba_unreal_woaf.spectra, 5, 62, false, 75.914, 
specs/amba_unreal_woaf.spectra, 5, 67, false, 87.612, 
specs/amba_unreal_woaf.spectra, 5, 68, false, 75.038, 
specs/amba_unreal_woaf.spectra, 5, 69, false, 86.035, 
specs/amba_unreal_woaf.spectra, 5, 70, false, 93.635, 
specs/amba_unreal_woaf.spectra, 5, 71, false, 86.458, 
specs/amba_unreal_woaf.spectra, 5, 72, false, 62.914, 
specs/amba_unreal_woaf.spectra, 5, 73, false, 26.645, 
specs/amba_unreal_woaf.spectra, 6, -1, false, 130.907, 
specs/amba_unreal_woaf.spectra, 6, 0, false, 112.584, 
specs/amba_unreal_woaf.spectra, 6, 1, false, 109.617, 
specs/amba_unreal_woaf.spectra, 6, 2, false, 96.196, 
specs/amba_unreal_woaf.spectra, 6, 3, false, 89.883, 
specs/amba_unreal_woaf.spectra, 6, 4, false, 89.714, 
specs/amba_unreal_woaf.spectra, 6, 5, false, 92.165, 
specs/amba_unreal_woaf.spectra, 6, 6, false, 91.658, 
specs/amba_unreal_woaf.spectra, 6, 7, false, 94.633, 
specs/amba_unreal_woaf.spectra, 6, 8, false, 86.675, 
specs/amba_unreal_woaf.spectra, 6, 9, false, 110.558, 
specs/amba_unreal_woaf.spectra, 6, 10, false, 121.649, 
specs/amba_unreal_woaf.spectra, 6, 11, false, 133.585, 
specs/amba_unreal_woaf.spectra, 6, 12, false, 68.828, 
specs/amba_unreal_woaf.spectra, 6, 13, false, 67.540, 
specs/amba_unreal_woaf.spectra, 6, 14, false, 96.323, 
specs/amba_unreal_woaf.spectra, 6, 15, false, 167.456, 
specs/amba_unreal_woaf.spectra, 6, 16, false, 201.892, 
specs/amba_unreal_woaf.spectra, 6, 17, false, 137.139, 
specs/amba_unreal_woaf.spectra, 6, 18, false, 148.843, 
specs/amba_unreal_woaf.spectra, 6, 19, false, 140.719, 
specs/amba_unreal_woaf.spectra, 6, 20, false, 147.758, 
specs/amba_unreal_woaf.spectra, 6, 21, false, 214.606, 
specs/amba_unreal_woaf.spectra, 6, 22, true, 62.259, 
specs/amba_unreal_woaf.spectra, 6, 23, true, 20.311, 
specs/amba_unreal_woaf.spectra, 6, 24, true, 61.066, 
specs/amba_unreal_woaf.spectra, 6, 25, false, 254.543, 
specs/amba_unreal_woaf.spectra, 6, 26, false, 253.475, 
specs/amba_unreal_woaf.spectra, 6, 27, false, 206.787, 
specs/amba_unreal_woaf.spectra, 6, 28, false, 232.934, 
specs/amba_unreal_woaf.spectra, 6, 29, false, 221.137, 
specs/amba_unreal_woaf.spectra, 6, 30, false, 223.663, 
specs/amba_unreal_woaf.spectra, 6, 31, false, 275.870, 
specs/amba_unreal_woaf.spectra, 6, 32, false, 267.449, 
specs/amba_unreal_woaf.spectra, 6, 33, false, 226.828, 
specs/amba_unreal_woaf.spectra, 6, 34, false, 227.135, 
specs/amba_unreal_woaf.spectra, 6, 35, false, 267.150, 
specs/amba_unreal_woaf.spectra, 6, 36, false, 264.244, 
specs/amba_unreal_woaf.spectra, 6, 37, false, 243.725, 
specs/amba_unreal_woaf.spectra, 6, 38, false, 232.296, 
specs/amba_unreal_woaf.spectra, 6, 39, false, 244.437, 
specs/amba_unreal_woaf.spectra, 6, 40, false, 228.124, 
specs/amba_unreal_woaf.spectra, 6, 41, true, 3.262, 
specs/amba_unreal_woaf.spectra, 6, 42, true, 10.560, 
specs/amba_unreal_woaf.spectra, 6, 43, true, 125.741, 
specs/amba_unreal_woaf.spectra, 6, 44, false, 307.494, 
specs/amba_unreal_woaf.spectra, 6, 45, true, 21.778, 
specs/amba_unreal_woaf.spectra, 6, 46, false, 250.740, 
specs/amba_unreal_woaf.spectra, 6, 47, false, 241.339, 
specs/amba_unreal_woaf.spectra, 6, 48, true, 119.894, 
specs/amba_unreal_woaf.spectra, 6, 49, false, 276.599, 
specs/amba_unreal_woaf.spectra, 6, 50, false, 281.243, 
specs/amba_unreal_woaf.spectra, 6, 51, false, 79.050, 
specs/amba_unreal_woaf.spectra, 6, 52, false, 308.134, 
specs/amba_unreal_woaf.spectra, 6, 53, false, 55.367, 
specs/amba_unreal_woaf.spectra, 6, 54, false, 257.742, 
specs/amba_unreal_woaf.spectra, 6, 55, false, 249.456, 
specs/amba_unreal_woaf.spectra, 6, 56, false, 167.791, 
specs/amba_unreal_woaf.spectra, 6, 62, false, 219.925, 
specs/amba_unreal_woaf.spectra, 6, 63, false, 127.106, 
specs/amba_unreal_woaf.spectra, 6, 69, false, 137.941, 
specs/amba_unreal_woaf.spectra, 6, 70, false, 128.062, 
specs/amba_unreal_woaf.spectra, 6, 71, false, 135.014, 
specs/amba_unreal_woaf.spectra, 6, 72, false, 139.398, 
specs/amba_unreal_woaf.spectra, 6, 73, false, 142.160, 
specs/amba_unreal_woaf.spectra, 6, 74, false, 98.465, 
specs/amba_unreal_woaf.spectra, 6, 75, false, 59.692, 
specs/amba_unreal_woaf.spectra, 7, -1, false, 182.496, 
specs/amba_unreal_woaf.spectra, 7, 0, false, 126.852, 
specs/amba_unreal_woaf.spectra, 7, 1, false, 146.552, 
specs/amba_unreal_woaf.spectra, 7, 2, false, 143.457, 
specs/amba_unreal_woaf.spectra, 7, 3, false, 145.463, 
specs/amba_unreal_woaf.spectra, 7, 4, false, 145.820, 
specs/amba_unreal_woaf.spectra, 7, 5, false, 138.200, 
specs/amba_unreal_woaf.spectra, 7, 6, false, 142.712, 
specs/amba_unreal_woaf.spectra, 7, 7, false, 162.742, 
specs/amba_unreal_woaf.spectra, 7, 8, false, 130.297, 
specs/amba_unreal_woaf.spectra, 7, 9, false, 228.468, 
specs/amba_unreal_woaf.spectra, 7, 10, false, 201.963, 
specs/amba_unreal_woaf.spectra, 7, 11, false, 170.251, 
specs/amba_unreal_woaf.spectra, 7, 12, false, 104.520, 
specs/amba_unreal_woaf.spectra, 7, 13, false, 100.109, 
specs/amba_unreal_woaf.spectra, 7, 14, false, 169.856, 
specs/amba_unreal_woaf.spectra, 7, 15, false, 254.845, 
specs/amba_unreal_woaf.spectra, 7, 16, false, 312.907, 
specs/amba_unreal_woaf.spectra, 7, 17, false, 217.731, 
specs/amba_unreal_woaf.spectra, 7, 18, false, 258.535, 
specs/amba_unreal_woaf.spectra, 7, 19, false, 254.565, 
specs/amba_unreal_woaf.spectra, 7, 20, false, 245.329, 
specs/amba_unreal_woaf.spectra, 7, 21, false, 263.330, 
specs/amba_unreal_woaf.spectra, 7, 22, true, 81.643, 
specs/amba_unreal_woaf.spectra, 7, 23, true, 46.554, 
specs/amba_unreal_woaf.spectra, 7, 24, true, 42.419, 
specs/amba_unreal_woaf.spectra, 7, 25, false, 517.183, 
specs/amba_unreal_woaf.spectra, 7, 26, false, 462.213, 
specs/amba_unreal_woaf.spectra, 7, 27, false, 371.341, 
specs/amba_unreal_woaf.spectra, 7, 28, false, 403.634, 
specs/amba_unreal_woaf.spectra, 7, 29, false, 409.025, 
specs/amba_unreal_woaf.spectra, 7, 30, false, 365.041, 
specs/amba_unreal_woaf.spectra, 7, 31, false, 394.946, 
specs/amba_unreal_woaf.spectra, 7, 32, false, 366.929, 
specs/amba_unreal_woaf.spectra, 7, 33, false, 364.951, 
specs/amba_unreal_woaf.spectra, 7, 34, false, 325.116, 
specs/amba_unreal_woaf.spectra, 7, 35, false, 334.345, 
specs/amba_unreal_woaf.spectra, 7, 36, false, 350.042, 
specs/amba_unreal_woaf.spectra, 7, 37, false, 324.563, 
specs/amba_unreal_woaf.spectra, 7, 38, false, 409.007, 
specs/amba_unreal_woaf.spectra, 7, 39, false, 390.744, 
specs/amba_unreal_woaf.spectra, 7, 40, false, 429.012, 
specs/amba_unreal_woaf.spectra, 7, 41, true, 8.429, 
specs/amba_unreal_woaf.spectra, 7, 42, true, 28.563, 
specs/amba_unreal_woaf.spectra, 7, 43, class java.util.concurrent.TimeoutException
specs/amba_unreal_woaf.spectra, 7, 44, class java.util.concurrent.TimeoutException
specs/amba_unreal_woaf.spectra, 7, 45, true, 40.506, 
specs/amba_unreal_woaf.spectra, 7, 46, false, 388.576, 
specs/amba_unreal_woaf.spectra, 7, 47, false, 316.000, 
specs/amba_unreal_woaf.spectra, 7, 48, true, 64.305, 
specs/amba_unreal_woaf.spectra, 7, 49, class java.util.concurrent.TimeoutException
specs/amba_unreal_woaf.spectra, 7, 50, false, 429.705, 
specs/amba_unreal_woaf.spectra, 7, 51, false, 123.179, 
specs/amba_unreal_woaf.spectra, 7, 52, false, 410.852, 
specs/amba_unreal_woaf.spectra, 7, 53, false, 89.028, 
specs/amba_unreal_woaf.spectra, 7, 54, false, 408.533, 
specs/amba_unreal_woaf.spectra, 7, 55, false, 378.996, 
specs/amba_unreal_woaf.spectra, 7, 56, false, 189.786, 
specs/amba_unreal_woaf.spectra, 7, 63, false, 365.342, 
specs/amba_unreal_woaf.spectra, 7, 64, false, 159.498, 
specs/amba_unreal_woaf.spectra, 7, 71, false, 192.785, 
specs/amba_unreal_woaf.spectra, 7, 72, false, 192.837, 
specs/amba_unreal_woaf.spectra, 7, 73, false, 234.058, 
specs/amba_unreal_woaf.spectra, 7, 74, false, 187.416, 
specs/amba_unreal_woaf.spectra, 7, 75, false, 206.702, 
specs/amba_unreal_woaf.spectra, 7, 76, false, 144.722, 
specs/amba_unreal_woaf.spectra, 7, 77, false, 80.462, 
specs/amba_unreal_woaf.spectra, 8, -1, false, 258.339, 
specs/amba_unreal_woaf.spectra, 8, 0, false, 219.945, 
specs/amba_unreal_woaf.spectra, 8, 1, false, 180.397, 
specs/amba_unreal_woaf.spectra, 8, 2, false, 167.714, 
specs/amba_unreal_woaf.spectra, 8, 3, false, 200.351, 
specs/amba_unreal_woaf.spectra, 8, 4, false, 205.344, 
specs/amba_unreal_woaf.spectra, 8, 5, false, 194.951, 
specs/amba_unreal_woaf.spectra, 8, 6, false, 209.360, 
specs/amba_unreal_woaf.spectra, 8, 7, false, 180.458, 
specs/amba_unreal_woaf.spectra, 8, 8, false, 206.686, 
specs/amba_unreal_woaf.spectra, 8, 9, false, 213.066, 
specs/amba_unreal_woaf.spectra, 8, 10, false, 208.062, 
specs/amba_unreal_woaf.spectra, 8, 11, false, 232.496, 
specs/amba_unreal_woaf.spectra, 8, 12, false, 142.109, 
specs/amba_unreal_woaf.spectra, 8, 13, false, 128.717, 
specs/amba_unreal_woaf.spectra, 8, 14, false, 293.179, 
specs/amba_unreal_woaf.spectra, 8, 15, false, 336.816, 
specs/amba_unreal_woaf.spectra, 8, 16, false, 390.690, 
specs/amba_unreal_woaf.spectra, 8, 17, false, 354.128, 
specs/amba_unreal_woaf.spectra, 8, 18, false, 380.397, 
specs/amba_unreal_woaf.spectra, 8, 19, false, 368.757, 
specs/amba_unreal_woaf.spectra, 8, 20, false, 383.687, 
specs/amba_unreal_woaf.spectra, 8, 21, false, 329.898, 
specs/amba_unreal_woaf.spectra, 8, 22, true, 72.780, 
specs/amba_unreal_woaf.spectra, 8, 23, true, 73.984, 
specs/amba_unreal_woaf.spectra, 8, 24, true, 39.998, 
specs/amba_unreal_woaf.spectra, 8, 25, class java.util.concurrent.TimeoutException
specs/amba_unreal_woaf.spectra, 8, 26, class java.util.concurrent.TimeoutException
specs/amba_unreal_woaf.spectra, 8, 27, false, 532.850, 
specs/amba_unreal_woaf.spectra, 8, 28, class java.util.concurrent.TimeoutException
specs/amba_unreal_woaf.spectra, 8, 29, false, 460.470, 
specs/amba_unreal_woaf.spectra, 8, 30, false, 453.961, 
specs/amba_unreal_woaf.spectra, 8, 31, false, 485.678, 
specs/amba_unreal_woaf.spectra, 8, 32, false, 437.210, 
specs/amba_unreal_woaf.spectra, 8, 33, false, 445.419, 
specs/amba_unreal_woaf.spectra, 8, 34, false, 436.119, 
specs/amba_unreal_woaf.spectra, 8, 35, false, 459.723, 
specs/amba_unreal_woaf.spectra, 8, 36, false, 458.590, 
specs/amba_unreal_woaf.spectra, 8, 37, false, 468.300, 
specs/amba_unreal_woaf.spectra, 8, 38, class java.util.concurrent.TimeoutException
specs/amba_unreal_woaf.spectra, 8, 39, false, 477.314, 
specs/amba_unreal_woaf.spectra, 8, 40, false, 498.197, 
specs/amba_unreal_woaf.spectra, 8, 41, true, 21.261, 
specs/amba_unreal_woaf.spectra, 8, 42, true, 31.103, 
specs/amba_unreal_woaf.spectra, 8, 43, class java.util.concurrent.TimeoutException
specs/amba_unreal_woaf.spectra, 8, 44, class java.util.concurrent.TimeoutException
specs/amba_unreal_woaf.spectra, 8, 45, true, 72.435, 
specs/amba_unreal_woaf.spectra, 8, 46, false, 461.648, 
specs/amba_unreal_woaf.spectra, 8, 47, false, 405.256, 
specs/amba_unreal_woaf.spectra, 8, 48, true, 77.409, 
specs/amba_unreal_woaf.spectra, 8, 49, class java.util.concurrent.TimeoutException
specs/amba_unreal_woaf.spectra, 8, 50, class java.util.concurrent.TimeoutException
specs/amba_unreal_woaf.spectra, 8, 51, false, 154.542, 
specs/amba_unreal_woaf.spectra, 8, 52, class java.util.concurrent.TimeoutException
specs/amba_unreal_woaf.spectra, 8, 53, false, 92.953, 
specs/amba_unreal_woaf.spectra, 8, 54, class java.util.concurrent.TimeoutException
specs/amba_unreal_woaf.spectra, 8, 55, false, 487.389, 
specs/amba_unreal_woaf.spectra, 8, 56, false, 328.052, 
specs/amba_unreal_woaf.spectra, 8, 64, false, 511.823, 
specs/amba_unreal_woaf.spectra, 8, 65, false, 255.225, 
specs/amba_unreal_woaf.spectra, 8, 73, false, 286.047, 
specs/amba_unreal_woaf.spectra, 8, 74, false, 259.905, 
specs/amba_unreal_woaf.spectra, 8, 75, false, 293.595, 
specs/amba_unreal_woaf.spectra, 8, 76, false, 314.107, 
specs/amba_unreal_woaf.spectra, 8, 77, false, 279.640, 
specs/amba_unreal_woaf.spectra, 8, 78, false, 203.232, 
specs/amba_unreal_woaf.spectra, 8, 79, false, 85.932, 
specs/amba_unreal_woaf.spectra, 9, -1, false, 304.058, 
specs/amba_unreal_woaf.spectra, 9, 0, false, 207.244, 
specs/amba_unreal_woaf.spectra, 9, 1, false, 253.756, 
specs/amba_unreal_woaf.spectra, 9, 2, false, 236.669, 
specs/amba_unreal_woaf.spectra, 9, 3, false, 286.681, 
specs/amba_unreal_woaf.spectra, 9, 4, false, 267.281, 
specs/amba_unreal_woaf.spectra, 9, 5, false, 273.012, 
specs/amba_unreal_woaf.spectra, 9, 6, false, 233.649, 
specs/amba_unreal_woaf.spectra, 9, 7, false, 251.003, 
specs/amba_unreal_woaf.spectra, 9, 8, false, 223.482, 
specs/amba_unreal_woaf.spectra, 9, 9, false, 312.048, 
specs/amba_unreal_woaf.spectra, 9, 10, false, 284.005, 
specs/amba_unreal_woaf.spectra, 9, 11, false, 359.277, 
specs/amba_unreal_woaf.spectra, 9, 12, false, 151.359, 
specs/amba_unreal_woaf.spectra, 9, 13, false, 175.423, 
specs/amba_unreal_woaf.spectra, 9, 14, false, 318.505, 
specs/amba_unreal_woaf.spectra, 9, 15, class java.util.concurrent.TimeoutException
specs/amba_unreal_woaf.spectra, 9, 16, false, 437.537, 
specs/amba_unreal_woaf.spectra, 9, 17, false, 375.046, 
specs/amba_unreal_woaf.spectra, 9, 18, false, 356.225, 
specs/amba_unreal_woaf.spectra, 9, 19, false, 378.413, 
specs/amba_unreal_woaf.spectra, 9, 20, false, 396.227, 
specs/amba_unreal_woaf.spectra, 9, 21, false, 481.779, 
specs/amba_unreal_woaf.spectra, 9, 22, true, 99.640, 
specs/amba_unreal_woaf.spectra, 9, 23, true, 143.295, 
specs/amba_unreal_woaf.spectra, 9, 24, true, 57.823, 
specs/amba_unreal_woaf.spectra, 9, 25, class java.util.concurrent.TimeoutException
specs/amba_unreal_woaf.spectra, 9, 26, class java.util.concurrent.TimeoutException
specs/amba_unreal_woaf.spectra, 9, 27, class java.util.concurrent.TimeoutException
specs/amba_unreal_woaf.spectra, 9, 28, class java.util.concurrent.TimeoutException
specs/amba_unreal_woaf.spectra, 9, 29, class java.util.concurrent.TimeoutException
specs/amba_unreal_woaf.spectra, 9, 30, class java.util.concurrent.TimeoutException
specs/amba_unreal_woaf.spectra, 9, 31, class java.util.concurrent.TimeoutException
specs/amba_unreal_woaf.spectra, 9, 32, class java.util.concurrent.TimeoutException
specs/amba_unreal_woaf.spectra, 9, 33, class java.util.concurrent.TimeoutException
specs/amba_unreal_woaf.spectra, 9, 34, class java.util.concurrent.TimeoutException
specs/amba_unreal_woaf.spectra, 9, 35, class java.util.concurrent.TimeoutException
specs/amba_unreal_woaf.spectra, 9, 36, class java.util.concurrent.TimeoutException
specs/amba_unreal_woaf.spectra, 9, 37, class java.util.concurrent.TimeoutException
specs/amba_unreal_woaf.spectra, 9, 38, class java.util.concurrent.TimeoutException
specs/amba_unreal_woaf.spectra, 9, 39, class java.util.concurrent.TimeoutException
specs/amba_unreal_woaf.spectra, 9, 40, class java.util.concurrent.TimeoutException
specs/amba_unreal_woaf.spectra, 9, 41, true, 23.266, 
specs/amba_unreal_woaf.spectra, 9, 42, true, 150.435, 
specs/amba_unreal_woaf.spectra, 9, 43, class java.util.concurrent.TimeoutException
specs/amba_unreal_woaf.spectra, 9, 44, class java.util.concurrent.TimeoutException
specs/amba_unreal_woaf.spectra, 9, 45, true, 88.941, 
specs/amba_unreal_woaf.spectra, 9, 46, class java.util.concurrent.TimeoutException
specs/amba_unreal_woaf.spectra, 9, 47, class java.util.concurrent.TimeoutException
specs/amba_unreal_woaf.spectra, 9, 48, true, 127.986, 
specs/amba_unreal_woaf.spectra, 9, 49, class java.util.concurrent.TimeoutException
specs/amba_unreal_woaf.spectra, 9, 50, class java.util.concurrent.TimeoutException
specs/amba_unreal_woaf.spectra, 9, 51, false, 191.665, 
specs/amba_unreal_woaf.spectra, 9, 52, class java.util.concurrent.TimeoutException
specs/amba_unreal_woaf.spectra, 9, 53, false, 172.672, 
specs/amba_unreal_woaf.spectra, 9, 54, class java.util.concurrent.TimeoutException
specs/amba_unreal_woaf.spectra, 9, 55, class java.util.concurrent.TimeoutException
specs/amba_unreal_woaf.spectra, 9, 56, false, 457.099, 
specs/amba_unreal_woaf.spectra, 9, 65, class java.util.concurrent.TimeoutException
specs/amba_unreal_woaf.spectra, 9, 66, false, 321.367, 
specs/amba_unreal_woaf.spectra, 9, 75, false, 470.940, 
specs/amba_unreal_woaf.spectra, 9, 76, false, 450.536, 
specs/amba_unreal_woaf.spectra, 9, 77, class java.util.concurrent.TimeoutException
specs/amba_unreal_woaf.spectra, 9, 78, false, 394.276, 
specs/amba_unreal_woaf.spectra, 9, 79, class java.util.concurrent.TimeoutException
specs/amba_unreal_woaf.spectra, 9, 80, false, 417.103, 
specs/amba_unreal_woaf.spectra, 9, 81, false, 130.162, 
specs/amba_unreal_woaf.spectra, 10, -1, class java.util.concurrent.TimeoutException
specs/amba_unreal_woaf.spectra, 10, 0, false, 329.566, 
specs/amba_unreal_woaf.spectra, 10, 1, false, 337.746, 
specs/amba_unreal_woaf.spectra, 10, 2, false, 363.292, 
specs/amba_unreal_woaf.spectra, 10, 3, false, 335.243, 
specs/amba_unreal_woaf.spectra, 10, 4, false, 341.229, 
specs/amba_unreal_woaf.spectra, 10, 5, false, 306.999, 
specs/amba_unreal_woaf.spectra, 10, 6, false, 367.313, 
specs/amba_unreal_woaf.spectra, 10, 7, false, 323.212, 
specs/amba_unreal_woaf.spectra, 10, 8, false, 337.828, 
specs/amba_unreal_woaf.spectra, 10, 9, false, 414.690, 
specs/amba_unreal_woaf.spectra, 10, 10, class java.util.concurrent.TimeoutException
specs/amba_unreal_woaf.spectra, 10, 11, class java.util.concurrent.TimeoutException
specs/amba_unreal_woaf.spectra, 10, 12, false, 205.725, 
specs/amba_unreal_woaf.spectra, 10, 13, false, 218.727, 
specs/amba_unreal_woaf.spectra, 10, 14, class java.util.concurrent.TimeoutException
specs/amba_unreal_woaf.spectra, 10, 15, class java.util.concurrent.TimeoutException
specs/amba_unreal_woaf.spectra, 10, 16, class java.util.concurrent.TimeoutException
specs/amba_unreal_woaf.spectra, 10, 17, class java.util.concurrent.TimeoutException
specs/amba_unreal_woaf.spectra, 10, 18, class java.util.concurrent.TimeoutException
specs/amba_unreal_woaf.spectra, 10, 19, class java.util.concurrent.TimeoutException
specs/amba_unreal_woaf.spectra, 10, 20, class java.util.concurrent.TimeoutException
specs/amba_unreal_woaf.spectra, 10, 21, class java.util.concurrent.TimeoutException
specs/amba_unreal_woaf.spectra, 10, 22, true, 106.177, 
specs/amba_unreal_woaf.spectra, 10, 23, true, 132.431, 
specs/amba_unreal_woaf.spectra, 10, 24, true, 94.712, 
specs/amba_unreal_woaf.spectra, 10, 25, class java.util.concurrent.TimeoutException
specs/amba_unreal_woaf.spectra, 10, 26, class java.util.concurrent.TimeoutException
specs/amba_unreal_woaf.spectra, 10, 27, class java.util.concurrent.TimeoutException
specs/amba_unreal_woaf.spectra, 10, 28, class java.util.concurrent.TimeoutException
specs/amba_unreal_woaf.spectra, 10, 29, class java.util.concurrent.TimeoutException
specs/amba_unreal_woaf.spectra, 10, 30, class java.util.concurrent.TimeoutException
specs/amba_unreal_woaf.spectra, 10, 31, class java.util.concurrent.TimeoutException
specs/amba_unreal_woaf.spectra, 10, 32, class java.util.concurrent.TimeoutException
specs/amba_unreal_woaf.spectra, 10, 33, class java.util.concurrent.TimeoutException
specs/amba_unreal_woaf.spectra, 10, 34, class java.util.concurrent.TimeoutException
specs/amba_unreal_woaf.spectra, 10, 35, class java.util.concurrent.TimeoutException
specs/amba_unreal_woaf.spectra, 10, 36, class java.util.concurrent.TimeoutException
specs/amba_unreal_woaf.spectra, 10, 37, class java.util.concurrent.TimeoutException
specs/amba_unreal_woaf.spectra, 10, 38, class java.util.concurrent.TimeoutException
specs/amba_unreal_woaf.spectra, 10, 39, class java.util.concurrent.TimeoutException
specs/amba_unreal_woaf.spectra, 10, 40, class java.util.concurrent.TimeoutException
specs/amba_unreal_woaf.spectra, 10, 41, true, 27.686, 
specs/amba_unreal_woaf.spectra, 10, 42, true, 114.590, 
specs/amba_unreal_woaf.spectra, 10, 43, class java.util.concurrent.TimeoutException
specs/amba_unreal_woaf.spectra, 10, 44, class java.util.concurrent.TimeoutException
specs/amba_unreal_woaf.spectra, 10, 45, true, 115.871, 
specs/amba_unreal_woaf.spectra, 10, 46, class java.util.concurrent.TimeoutException
specs/amba_unreal_woaf.spectra, 10, 47, class java.util.concurrent.TimeoutException
specs/amba_unreal_woaf.spectra, 10, 48, true, 208.485, 
specs/amba_unreal_woaf.spectra, 10, 49, class java.util.concurrent.TimeoutException
specs/amba_unreal_woaf.spectra, 10, 50, class java.util.concurrent.TimeoutException
specs/amba_unreal_woaf.spectra, 10, 51, false, 277.092, 
specs/amba_unreal_woaf.spectra, 10, 52, class java.util.concurrent.TimeoutException
specs/amba_unreal_woaf.spectra, 10, 53, false, 212.342, 
specs/amba_unreal_woaf.spectra, 10, 54, class java.util.concurrent.TimeoutException
specs/amba_unreal_woaf.spectra, 10, 55, class java.util.concurrent.TimeoutException
specs/amba_unreal_woaf.spectra, 10, 56, class java.util.concurrent.TimeoutException
specs/amba_unreal_woaf.spectra, 10, 66, class java.util.concurrent.TimeoutException
specs/amba_unreal_woaf.spectra, 10, 67, class java.util.concurrent.TimeoutException
specs/amba_unreal_woaf.spectra, 10, 77, class java.util.concurrent.TimeoutException
specs/amba_unreal_woaf.spectra, 10, 78, class java.util.concurrent.TimeoutException
specs/amba_unreal_woaf.spectra, 10, 79, class java.util.concurrent.TimeoutException
specs/amba_unreal_woaf.spectra, 10, 80, class java.util.concurrent.TimeoutException
specs/amba_unreal_woaf.spectra, 10, 81, class java.util.concurrent.TimeoutException
specs/amba_unreal_woaf.spectra, 10, 82, class java.util.concurrent.TimeoutException
specs/amba_unreal_woaf.spectra, 10, 83, false, 196.818, 
